<?xml version="1.0" encoding="UTF-8"?>
<soapenv:Envelope xmlns:soapenv="http://schemas.xmlsoap.org/soap/envelope/" xmlns:xsd="http://www.w3.org/2001/XMLSchema" xmlns:xsi="http://www.w3.org/2001/XMLSchema-instance"><soapenv:Body><executeClassResponse xmlns=""><ns1:executeClassReturn xmlns:ns1="http://www.apiasolutions.com/WebServices"><ns2:result xmlns:ns2="http://www.apiasolutions.com/WebServices/Data"><ns2:resultCode>98</ns2:resultCode><ns2:resultMessage>Erro da Apia (vide stack trace resultData.getAdditionalMsg)</ns2:resultMessage><ns2:additionalMsg>NO ACCESS PERMISSION</ns2:additionalMsg></ns2:result></ns1:executeClassReturn></executeClassResponse></soapenv:Body></soapenv:Envelope>
