<xDados><Acesso><intIndice>1</intIndice><rdoPropAcessoFisicoIndex>0</rdoPropAcessoFisicoIndex><rdoPropAcessoFisico>TER</rdoPropAcessoFisico><cboVelAcesso>375</cboVelAcesso><cboTipoVel>0</cboTipoVel><cboTipoVelText>NÃO ESTRUTURADA</cboTipoVelText><txtSenha>PIN357956 </txtSenha><cboProvedor>1</cboProvedor><cboProvedorText>TELEFONICA (TELESP)</cboProvedorText><cboVelAcessoText>2M</cboVelAcessoText><cboRegimeCntr>168</cboRegimeCntr><cboUFEnd>SP</cboUFEnd><cboUFEndText>SP</cboUFEndText><txtEndCid>SUM</txtEndCid><txtEndCidDesc>SUMARE</txtEndCidDesc><cboLogrEnd>RODOVIA</cboLogrEnd><cboLogrEndText>RODOVIA        </cboLogrEndText><txtEnd>JOSE LOZANO DE ARAUJO</txtEnd><txtBairroEnd>NOVA VENEZA</txtBairroEnd><txtCepEnd>13178900</txtCepEnd><txtContatoEnd>ISAAC SANTOS</txtContatoEnd><txtTelEnd>49983930</txtTelEnd><txtTelEndArea>11</txtTelEndArea><txtCNLSiglaCentroCliDest>CAS </txtCNLSiglaCentroCliDest><txtComplSiglaCentroCliDest>BC</txtComplSiglaCentroCliDest><cboInterFaceEndFis>G703</cboInterFaceEndFis><txtEndEstacaoEntrega>R BERNARDINO DE CAMPOS, 799 CLARO CENTRO 13010151</txtEndEstacaoEntrega><txtCNPJ>59179838000480</txtCNPJ><txtComplEnd>PAULÍNIA KM 1,3</txtComplEnd><txtCodSAP>322067</txtCodSAP><hdnCompartilhamento>0</hdnCompartilhamento><hdnNodeCompartilhado>0</hdnNodeCompartilhado><hdnCompartilhamento1>0</hdnCompartilhamento1><txtCNLSiglaCentroCli>SUM </txtCNLSiglaCentroCli><txtComplSiglaCentroCli>V2S</txtComplSiglaCentroCli><cboTipoPonto>I</cboTipoPonto><cboInterFaceEnd>G703</cboInterFaceEnd><intOrdem>1</intOrdem><Acl_IdAcessoLogicoPrincipal></Acl_IdAcessoLogicoPrincipal><TipoAcao>A</TipoAcao><Acf_Id>468926</Acf_Id><Alf_Id>650989</Alf_Id><Aec_Id>428988</Aec_Id><hdnIdAcessoFisico>SUM 00000000148</hdnIdAcessoFisico><hdnAcfID>468926</hdnAcfID><IdFisico><Acf_Id>468926</Acf_Id><Alf_Id>650989</Alf_Id><Aec_Id>428988</Aec_Id><Acf_IdAcessoFisico>SUM 00000000148</Acf_IdAcessoFisico><Acf_NroAcessoPtaEbt>38640265</Acf_NroAcessoPtaEbt></IdFisico><Pedido><Ped_Id>434455</Ped_Id><DM>DM-22740/2010</DM><Aec_Id>428988</Aec_Id><Acf_Id>468926</Acf_Id><Alf_Id>650989</Alf_Id></Pedido></Acesso><Acesso><intIndice>2</intIndice><rdoPropAcessoFisicoIndex>1</rdoPropAcessoFisicoIndex><rdoPropAcessoFisico>EBT</rdoPropAcessoFisico><cboTecnologia>1</cboTecnologia><cboTipoRadio>1</cboTipoRadio><cboVersaoRadio>1+0</cboVersaoRadio><cboVelAcesso>375</cboVelAcesso><cboTipoVel>0</cboTipoVel><cboTipoVelText>NÃO ESTRUTURADA</cboTipoVelText><cboProvedor>11</cboProvedor><cboProvedorText>EMBRATEL</cboProvedorText><cboVelAcessoText>2M</cboVelAcessoText><cboRegimeCntr>54</cboRegimeCntr><cboUFEnd>SP</cboUFEnd><cboUFEndText>SP</cboUFEndText><txtEndCid>SUM</txtEndCid><txtEndCidDesc>SUMARE</txtEndCidDesc><cboLogrEnd>RODOVIA</cboLogrEnd><cboLogrEndText>RODOVIA        </cboLogrEndText><txtEnd>JOSE LOZANO DE ARAUJO</txtEnd><txtBairroEnd>NOVA VENEZA</txtBairroEnd><txtCepEnd>13178900</txtCepEnd><txtContatoEnd>ISAAC SANTOS</txtContatoEnd><txtTelEnd>49983930</txtTelEnd><txtTelEndArea>11</txtTelEndArea><txtCNLSiglaCentroCliDest>CAS </txtCNLSiglaCentroCliDest><txtComplSiglaCentroCliDest>PUC</txtComplSiglaCentroCliDest><cboInterFaceEndFis>G703</cboInterFaceEndFis><txtEndEstacaoEntrega>R AMELIA MARIA DE PAULA VENTURINI, 64  PARQUE DAS UNIVERSIDADES 13086061</txtEndEstacaoEntrega><txtCNPJ>59179838000480</txtCNPJ><txtComplEnd>PAULÍNIA KM 1,3</txtComplEnd><txtCodSAP>322067</txtCodSAP><hdnCompartilhamento>0</hdnCompartilhamento><hdnNodeCompartilhado>0</hdnNodeCompartilhado><hdnCompartilhamento1>0</hdnCompartilhamento1><txtCNLSiglaCentroCli>SUM </txtCNLSiglaCentroCli><txtComplSiglaCentroCli>V2S</txtComplSiglaCentroCli><cboTipoPonto>I</cboTipoPonto><cboInterFaceEnd>G703</cboInterFaceEnd><intOrdem>2</intOrdem><Acl_IdAcessoLogicoPrincipal></Acl_IdAcessoLogicoPrincipal><TipoAcao>A</TipoAcao><Acf_Id>468927</Acf_Id><Alf_Id>650990</Alf_Id><Aec_Id>428988</Aec_Id><hdnIdAcessoFisico>SUM 00000000144</hdnIdAcessoFisico><hdnAcfID>468927</hdnAcfID><IdFisico><Acf_Id>468927</Acf_Id><Alf_Id>650990</Alf_Id><Aec_Id>428988</Aec_Id><Acf_IdAcessoFisico>SUM 00000000144</Acf_IdAcessoFisico><Acf_NroAcessoPtaEbt>CAS PUC   SUM V2S   B0120N001 </Acf_NroAcessoPtaEbt></IdFisico><Pedido><Cod_Cla>844121</Cod_Cla><Aec_Id>428988</Aec_Id><Acf_Id>468927</Acf_Id><Alf_Id>650990</Alf_Id></Pedido></Acesso></xDados>
