<xDados><Acesso><intIndice>0</intIndice><hdnAcao>CheckSevMestra</hdnAcao><hdnProvedor>11</hdnProvedor><hdnCboProvedor>11</hdnCboProvedor><hdnNroSev>1350961</hdnNroSev><hdnCNLNome>txtEndCid</hdnCNLNome><hdnUFAtual>MG</hdnUFAtual><hdnCNLAtual>ULA</hdnCNLAtual><hdnNomeTxtCidDesc>txtEndCidDesc</hdnNomeTxtCidDesc><hdnNomeCboCid>EndCid</hdnNomeCboCid><hdnUserGICL>T3TAIZA</hdnUserGICL><hdnCtfcId>2816</hdnCtfcId><hdnRazaoSocial>VERIZON TELECOMUNICACOES DO BRASIL LTDA </hdnRazaoSocial><hdnCompartilhamento>0</hdnCompartilhamento><hdnNodeCompartilhado>0</hdnNodeCompartilhado><hdnCompartilhamento1>0</hdnCompartilhamento1><hdnEstacaoOrigem>ULA     VI        </hdnEstacaoOrigem><hdnEstacaoDestino>ULA     DI        </hdnEstacaoDestino><hdnObrigaGla>0</hdnObrigaGla><hdnUsuID>4681</hdnUsuID><hdnTipoProcesso>1</hdnTipoProcesso><rdoPropAcessoFisico>EBT</rdoPropAcessoFisico><rdoPropAcessoFisicoIndex>1</rdoPropAcessoFisicoIndex><cboTecnologia>2</cboTecnologia><cboTecnologiaText>FIBRA OTICA</cboTecnologiaText><cboVelAcesso>280</cboVelAcesso><cboVelAcessoText>256K</cboVelAcessoText><txtQtdeCircuitos>1</txtQtdeCircuitos><cboTipoVelText>TIPO DE VELOCIDADE</cboTipoVelText><cboProvedor>11</cboProvedor><cboProvedorText>EMBRATEL</cboProvedorText><cboRegimeCntr>54</cboRegimeCntr><cboRegimeCntrText>EMBRATEL - INDETERMINADO</cboRegimeCntrText><txtCodSAP>157893</txtCodSAP><cboTipoPonto>I</cboTipoPonto><cboTipoPontoText>CLIENTE</cboTipoPontoText><txtCNLSiglaCentroCli>ULA     </txtCNLSiglaCentroCli><txtComplSiglaCentroCli>VI        </txtComplSiglaCentroCli><cboUFEnd>MG</cboUFEnd><cboUFEndText>MG</cboUFEndText><txtEndCid>ULA</txtEndCid><txtEndCidDesc>UBERLANDIA</txtEndCidDesc><cboLogrEnd>RUA</cboLogrEnd><cboLogrEndText>RUA</cboLogrEndText><txtEnd>MARANHAO</txtEnd><txtNroEnd>S/N</txtNroEnd><txtComplEnd>ESQ C/ PIAUI</txtComplEnd><txtBairroEnd>UMUARAMA</txtBairroEnd><txtCepEnd>38405-318</txtCepEnd><btnProcurarCepInstala>Procurar CEP</btnProcurarCepInstala><txtContatoEnd>MARCUS VINICIUS</txtContatoEnd><txtTelEndArea>34</txtTelEndArea><txtTelEnd>32128601</txtTelEnd><txtCNPJ>33066408034281</txtCNPJ><txtPropEnd>CLIENTE</txtPropEnd><cboInterFaceEnd>G703</cboInterFaceEnd><cboInterFaceEndText>G703</cboInterFaceEndText><txtCNLSiglaCentroCliDest>ULA     </txtCNLSiglaCentroCliDest><txtComplSiglaCentroCliDest>DI        </txtComplSiglaCentroCliDest><txtEndEstacaoEntrega>RUA GALIANO TORRANO, S/N  JARDIM UMUARAMA 38405-448</txtEndEstacaoEntrega><cboInterFaceEndFis>G703</cboInterFaceEndFis><cboInterFaceEndFisText>G703</cboInterFaceEndFisText><btnAddAcesso>Adicionar</btnAddAcesso><btnRemAcesso>Remover</btnRemAcesso><btnIDFis1>Procurar Id Físico</btnIDFis1><btnLimparAcesso>Limpar</btnLimparAcesso><TipoAcao>N</TipoAcao><intOrdem>1</intOrdem></Acesso><hdnCompartilhamento>0</hdnCompartilhamento><hdnAcao>ResgatarUserCoordenacao</hdnAcao><hdnCboServico>120</hdnCboServico><hdnUserGICL>T3TAIZA</hdnUserGICL><hdnDesigServ>ULA /IP/00328</hdnDesigServ><hdnOrderEntry>SGA DADOS20090000431001</hdnOrderEntry><hdnOrderEntrySis>SGA DADOS</hdnOrderEntrySis><hdnOrderEntryAno>2009</hdnOrderEntryAno><hdnOrderEntryNro>0000431</hdnOrderEntryNro><hdnOrderEntryItem>001</hdnOrderEntryItem><hdnPossuiAvaliador>0</hdnPossuiAvaliador><hdnDtSolicitacao>17/11/2011</hdnDtSolicitacao><hdnPadraoDesignacao>L4*+/+IP+/+N5*</hdnPadraoDesignacao><hdnCtfcId>2816</hdnCtfcId><txtNroSev>1350961</txtNroSev><rdoProjEspecial>N</rdoProjEspecial><txtRazaoSocial>VERIZON TELECOMUNICACOES DO BRASIL LTDA </txtRazaoSocial><txtNomeFantasia>VERIZON</txtNomeFantasia><txtContaSev>00000871740</txtContaSev><txtSubContaSev>0007</txtSubContaSev><cboSistemaOrderEntry>SGA DADOS</cboSistemaOrderEntry><txtOrderEntry>001</txtOrderEntry><cboServicoPedido>120</cboServicoPedido><cboVelServico>280</cboVelServico><rdoAntAcesso>N</rdoAntAcesso><txtPadrao>00328</txtPadrao><rdoNroContrato>3</rdoNroContrato><txtNroContrServico>VES-3-IP-1378/2007</txtNroContrServico><txtDtEntrAcesServ>17/12/2011</txtDtEntrAcesServ><txtDtPrevEntrAcesProv>17/12/2011</txtDtPrevEntrAcesProv><txtDesigAcessoPri0>678</txtDesigAcessoPri0><hdnServico>120</hdnServico><hdntxtGICL>T3TAIZA</hdntxtGICL><intTipoContrato>2</intTipoContrato><hdntxtGICN>T3TAIZA</hdntxtGICN><hdnCoordenacaoAtual>txtGICN</hdnCoordenacaoAtual><hdnNecessitaRecurso>S</hdnNecessitaRecurso><hdnReaproveitarFisico>N</hdnReaproveitarFisico><cboLocalEntrega>59567</cboLocalEntrega><txtCNLLocalEntrega>ULA   </txtCNLLocalEntrega><txtComplLocalEntrega>DI    </txtComplLocalEntrega><cboLocalConfig>59567</cboLocalConfig><txtCNLLocalConfig>ULA</txtCNLLocalConfig><txtComplLocalConfig>DI</txtComplLocalConfig><cboOrgao>1517</cboOrgao><txtGICN>T3TAIZA</txtGICN><cboStatusSolic>125</cboStatusSolic><hdnStatus>38</hdnStatus><AntAcesso>N</AntAcesso><hdnUsuario>4681</hdnUsuario><hdnOrigemEst>1</hdnOrigemEst><hdnCNLEstUsu>ULA   </hdnCNLEstUsu><hdnComplEstUsu>DI    </hdnComplEstUsu><intTipoProc>1</intTipoProc></xDados>
