<requisicao-cla>  <processo>ATV</processo>  <acao>CAN</acao>  <id-logico>6787373440</id-logico>  <id-tarefa-apg>33226</id-tarefa-apg>  <servico>    <order-entry>      <ano>2011</ano>      <numero>3464</numero>      <item>3</item>      <data-prevista></data-prevista>      <contato-tecnico/>      <servico-temporario>        <data-inicio></data-inicio>        <data-fim></data-fim>      </servico-temporario>      <cadastrador>        <telefone></telefone>        <username></username>      </cadastrador>    </order-entry>  </servico>  <rollback>N</rollback></requisicao-cla>
