<xDados><Acesso><intIndice>1</intIndice><rdoPropAcessoFisicoIndex>1</rdoPropAcessoFisicoIndex><rdoPropAcessoFisico>EBT</rdoPropAcessoFisico><cboTecnologia>2</cboTecnologia><cboVelAcesso>375</cboVelAcesso><cboTipoVel>0</cboTipoVel><cboTipoVelText>NÃO ESTRUTURADA</cboTipoVelText><cboProvedor>11</cboProvedor><cboProvedorText>EMBRATEL</cboProvedorText><cboVelAcessoText>2M</cboVelAcessoText><cboUFEnd>DF</cboUFEnd><cboUFEndText>DF</cboUFEndText><txtEndCid>BSA</txtEndCid><txtEndCidDesc>BRASILIA</txtEndCidDesc><cboLogrEnd>SETOR</cboLogrEnd><cboLogrEndText>SETOR</cboLogrEndText><txtEnd>SCS QUADRA 2 BLOCO A LOTE 81</txtEnd><txtNroEnd>81</txtNroEnd><txtBairroEnd>EDIFICIO BRADESCO BRASILIA- AS</txtBairroEnd><txtCepEnd>70329-900</txtCepEnd><txtContatoEnd>CARLOS BARISSA</txtContatoEnd><txtTelEnd>33830816</txtTelEnd><txtTelEndArea>61</txtTelEndArea><txtCNLSiglaCentroCliDest>BSA </txtCNLSiglaCentroCliDest><txtComplSiglaCentroCliDest>SU</txtComplSiglaCentroCliDest><cboInterFaceEndFis>G703</cboInterFaceEndFis><txtEndEstacaoEntrega>QUADRA SCS QUADRA 5 BLOCO D, BL. E  SETOR COMERCIAL SUL 70328-900</txtEndEstacaoEntrega><txtCNPJ>59335976000168</txtCNPJ><txtCodSAP>401838</txtCodSAP><hdnCompartilhamento>0</hdnCompartilhamento><hdnNodeCompartilhado>0</hdnNodeCompartilhado><hdnCompartilhamento1>0</hdnCompartilhamento1><txtCNLSiglaCentroCli>BSA </txtCNLSiglaCentroCli><txtComplSiglaCentroCli>BM</txtComplSiglaCentroCli><cboTipoPonto>I</cboTipoPonto><cboInterFaceEnd>G703</cboInterFaceEnd><intOrdem>1</intOrdem><Acl_IdAcessoLogicoPrincipal></Acl_IdAcessoLogicoPrincipal><TipoAcao>A</TipoAcao><Acf_Id>627479</Acf_Id><Alf_Id>677055</Alf_Id><Aec_Id>552971</Aec_Id><IdFisico><Acf_Id>627479</Acf_Id><Alf_Id>677055</Alf_Id><Aec_Id>552971</Aec_Id></IdFisico><Pedido><Cod_Cla>878581</Cod_Cla><Aec_Id>552971</Aec_Id><Acf_Id>627479</Acf_Id><Alf_Id>677055</Alf_Id></Pedido></Acesso></xDados>
