<xDados><Acesso><intIndice>1</intIndice><rdoPropAcessoFisicoIndex>1</rdoPropAcessoFisicoIndex><rdoPropAcessoFisico>EBT</rdoPropAcessoFisico><cboTecnologia>2</cboTecnologia><cboVelAcesso>375</cboVelAcesso><cboTipoVel>0</cboTipoVel><cboTipoVelText>NÃO ESTRUTURADA</cboTipoVelText><cboProvedor>11</cboProvedor><cboProvedorText>EMBRATEL</cboProvedorText><cboVelAcessoText>2M</cboVelAcessoText><cboUFEnd>DF</cboUFEnd><cboUFEndText>DF</cboUFEndText><txtEndCid>BSA</txtEndCid><txtEndCidDesc>BRASILIA</txtEndCidDesc><cboLogrEnd>SETOR</cboLogrEnd><cboLogrEndText>SETOR</cboLogrEndText><txtEnd>SCS QUADRA 2 BLOCO A LOTE 81</txtEnd><txtNroEnd>81</txtNroEnd><txtBairroEnd>EDIFICIO BRADESCO BRASILIA- AS</txtBairroEnd><txtCepEnd>70329-900</txtCepEnd><txtContatoEnd>CARLOS BARISSA</txtContatoEnd><txtTelEnd>33830816</txtTelEnd><txtTelEndArea>61</txtTelEndArea><txtCNLSiglaCentroCliDest>BSA </txtCNLSiglaCentroCliDest><txtComplSiglaCentroCliDest>SU</txtComplSiglaCentroCliDest><cboInterFaceEndFis>G703</cboInterFaceEndFis><txtEndEstacaoEntrega>QUADRA SCS QUADRA 5 BLOCO D, BL. E  SETOR COMERCIAL SUL 70328-900</txtEndEstacaoEntrega><txtCNPJ>59335976000168</txtCNPJ><txtCodSAP>401838</txtCodSAP><hdnCompartilhamento>0</hdnCompartilhamento><hdnNodeCompartilhado>0</hdnNodeCompartilhado><hdnCompartilhamento1>0</hdnCompartilhamento1><txtCNLSiglaCentroCli>BSA </txtCNLSiglaCentroCli><txtComplSiglaCentroCli>BM</txtComplSiglaCentroCli><cboTipoPonto>I</cboTipoPonto><cboInterFaceEnd>G703</cboInterFaceEnd><intOrdem>1</intOrdem><Acl_IdAcessoLogicoPrincipal></Acl_IdAcessoLogicoPrincipal><TipoAcao>A</TipoAcao><Acf_Id>627479</Acf_Id><Alf_Id>677055</Alf_Id><Aec_Id>552971</Aec_Id><IdFisico><Acf_Id>627479</Acf_Id><Alf_Id>677055</Alf_Id><Aec_Id>552971</Aec_Id></IdFisico><Pedido><Cod_Cla>878581</Cod_Cla><Aec_Id>552971</Aec_Id><Acf_Id>627479</Acf_Id><Alf_Id>677055</Alf_Id></Pedido></Acesso><hdnCboServico>32,0</hdnCboServico><hdnUserGICL>EAGONCA</hdnUserGICL><hdntxtGICL>EAGONCA</hdntxtGICL><hdnDesigServ>BSA BM BSA U56DPDV 0001</hdnDesigServ><hdnOrderEntry>SGA DADOS20115625666001</hdnOrderEntry><hdnOrderEntrySis>SGA DADOS</hdnOrderEntrySis><hdnOrderEntryAno>2011</hdnOrderEntryAno><hdnOrderEntryNro>5625666</hdnOrderEntryNro><hdnOrderEntryItem>001</hdnOrderEntryItem><hdnIdAcessoLogico>6787368046</hdnIdAcessoLogico><hdnSolId>878581</hdnSolId><hdnDtSolicitacao>16/11/2011</hdnDtSolicitacao><hdnPadraoDesignacao>L4*+A3+L4*+A3+A5*+N4*</hdnPadraoDesignacao><hdnCtfcId>2683</hdnCtfcId><hdnXmlReturn>&lt;xDados&gt;&lt;hdnAcao&gt;ResgatarAcessoLogico&lt;/hdnAcao&gt;&lt;hdnSolId&gt;878581&lt;/hdnSolId&gt;&lt;hdnTipoProcesso&gt;4&lt;/hdnTipoProcesso&gt;&lt;hdnAlteracaoAcesso&gt;Alteracao&lt;/hdnAlteracaoAcesso&gt;&lt;hdnPaginaOrig&gt;/NewCla/Asp/AlteracaoMain.asp?acao=&lt;/hdnPaginaOrig&gt;&lt;txtSolId&gt;878581&lt;/txtSolId&gt;&lt;hdnNomeCons&gt;Acessos&lt;/hdnNomeCons&gt;&lt;/xDados&gt;
</hdnXmlReturn><txtNroSev>1372403</txtNroSev><rdoProjEspecial>N</rdoProjEspecial><txtRazaoSocial>PRIMESYS SOLUCOES EMPRESARIAIS S/A</txtRazaoSocial><txtNomeFantasia>PRIMESYS SA</txtNomeFantasia><txtContaSev>00008579870</txtContaSev><txtSubContaSev>0000</txtSubContaSev><cboSistemaOrderEntry>SGA DADOS</cboSistemaOrderEntry><txtOrderEntry>001</txtOrderEntry><cboServicoPedido>32</cboServicoPedido><cboVelServico>375</cboVelServico><rdoAntAcesso>N</rdoAntAcesso><txtPadrao>0001</txtPadrao><rdoNroContrato>3</rdoNroContrato><txtNroContrServico>SPO IA67102011</txtNroContrServico><txtDtEntrAcesServ>16/12/2011</txtDtEntrAcesServ><txtDesigAcessoPri0>678</txtDesigAcessoPri0><txtObs>Trata de circuito da Primesys</txtObs><hdnServico>32</hdnServico><intTipoContrato>2</intTipoContrato><hdnNecessitaRecurso>S</hdnNecessitaRecurso><hdnReaproveitarFisico>N</hdnReaproveitarFisico><hdntxtGICN>eagonca</hdntxtGICN><cboLocalEntrega>59853</cboLocalEntrega><txtCNLLocalEntrega>BSA</txtCNLLocalEntrega><txtComplLocalEntrega>SU</txtComplLocalEntrega><cboLocalConfig>59853</cboLocalConfig><txtCNLLocalConfig>BSA</txtCNLLocalConfig><txtComplLocalConfig>SU</txtComplLocalConfig><cboOrgao>3444</cboOrgao><txtGICN>EAGONCA</txtGICN><hdnStatus>38</hdnStatus><intTipoProc>3</intTipoProc><hdnDesigAcessoPriDB></hdnDesigAcessoPriDB></xDados>
