<requisicao-cla>  <processo>DES</processo>  <acao>ALT</acao>  <id-logico></id-logico>  <id-tarefa-apg>28974</id-tarefa-apg>  <servico>    <order-entry>      <ano>2008</ano>      <numero>1885</numero>      <item>22</item>      <data-prevista></data-prevista>      <contato-tecnico/>      <servico-temporario>        <data-inicio></data-inicio>        <data-fim></data-fim>      </servico-temporario>      <cadastrador>        <telefone></telefone>        <username></username>      </cadastrador>    </order-entry>  </servico>  <desativacao>    <data>14/12/2011</data>    <reaproveitar>N</reaproveitar>  </desativacao></requisicao-cla>
