<xDados><cboLocalInstala>59530</cboLocalInstala><cboLocalConfig>59530</cboLocalConfig><cboProvedor>29</cboProvedor><cboRegimeCntr>274</cboRegimeCntr><hdnIdLog>6787360390</hdnIdLog><hdnIdAcessoFisico>0</hdnIdAcessoFisico><hdnCompartilhamento>0</hdnCompartilhamento><hdnIdAcessoFisico1>0</hdnIdAcessoFisico1><hdnCompartilhamento1>0</hdnCompartilhamento1><hdnAlteracao>0</hdnAlteracao><hdnPedId>512902</hdnPedId><hdnTipoProcesso>4</hdnTipoProcesso><txtObsProvedor>- Ref. Cancelamento do Pedido DM-38654/2011</txtObsProvedor></xDados>
