<?xml version="1.0"?>
<root><arquivo>GponRip</arquivo><parmproc></parmproc><assunto></assunto><proemail></proemail><mailfrom>
	</mailfrom><pronome></pronome><numero></numero><familia><data></data></familia><empresa><cliente>
		</cliente><endereco>
		</endereco><OE>
		</OE><designacao>
		</designacao><velocidade>
		</velocidade></empresa><tecnico><FabricanteONT></FabricanteONT><PE></PE><ModeloONT></ModeloONT><PortaPE></PortaPE><DesignacaoONT></DesignacaoONT><VLAN></VLAN><PortaONT></PortaONT><Estacao></Estacao></tecnico></root>

