<?xml version="1.0" encoding="UTF-8"?>
<soapenv:Envelope xmlns:soapenv="http://schemas.xmlsoap.org/soap/envelope/" xmlns:xsd="http://www.w3.org/2001/XMLSchema" xmlns:xsi="http://www.w3.org/2001/XMLSchema-instance"><soapenv:Body><executeClassResponse xmlns=""><ns1:executeClassReturn xmlns:ns1="http://www.apiasolutions.com/WebServices"><ns2:result xmlns:ns2="http://www.apiasolutions.com/WebServices/Data"><ns2:resultCode>0</ns2:resultCode><ns2:resultMessage>Ok</ns2:resultMessage></ns2:result><ns3:parameters xmlns:ns3="http://www.apiasolutions.com/WebServices/Data"><ns3:parameter></ns3:parameter><ns3:parameter></ns3:parameter><ns3:parameter></ns3:parameter><ns3:parameter></ns3:parameter><ns3:parameter></ns3:parameter><ns3:parameter></ns3:parameter><ns3:parameter></ns3:parameter><ns3:parameter></ns3:parameter><ns3:parameter></ns3:parameter><ns3:parameter></ns3:parameter><ns3:parameter>32870</ns3:parameter><ns3:parameter>ATV</ns3:parameter><ns3:parameter>CAN</ns3:parameter><ns3:parameter>6787346632</ns3:parameter><ns3:parameter></ns3:parameter><ns3:parameter></ns3:parameter><ns3:parameter>OK</ns3:parameter><ns3:parameter>13/12/2011</ns3:parameter><ns3:parameter></ns3:parameter><ns3:parameter></ns3:parameter><ns3:parameter></ns3:parameter><ns3:parameter></ns3:parameter><ns3:parameter></ns3:parameter><ns3:parameter></ns3:parameter><ns3:parameter>0</ns3:parameter><ns3:parameter>OK</ns3:parameter></ns3:parameters></ns1:executeClassReturn></executeClassResponse></soapenv:Body></soapenv:Envelope>
