<requisicao-cla>  <processo>ATV</processo>  <acao>ATV</acao>  <id-logico></id-logico>  <id-tarefa-apg>33215</id-tarefa-apg>  <cliente>    <conta>00008912345</conta>    <subconta>0000</subconta>    <razao-social>UNILIDER DISTRIBUIDORA S/A</razao-social>    <nome-fantasia>UNILIDER</nome-fantasia>  </cliente>  <servico>    <order-entry>      <ano>2011</ano>      <numero>3464</numero>      <item>1</item>      <servico>DDN</servico>      <designacao>08007550000</designacao>      <contrato>201100006409</contrato>      <tipo-contrato>2</tipo-contrato>      <data-prevista>20/11/2011</data-prevista>      <contato-tecnico>        <cliente>VICTOR PEREIRA</cliente>        <e-mail></e-mail>        <telefone>2727589000</telefone>      </contato-tecnico>      <velocidade>30x64K</velocidade>      <interface-cliente>G703</interface-cliente>      <interface-embratel>G703</interface-embratel>      <servico-temporario>        <data-inicio>29/03/2011</data-inicio>        <data-fim>29/03/2014</data-fim>      </servico-temporario>      <cadastrador>        <telefone></telefone>        <username>egtegt</username>      </cadastrador>      <endereco-instalacao>        <cnpj>05424008/0001-07</cnpj>        <inscricao-estadual>isento</inscricao-estadual>        <inscricao-municipal>isento</inscricao-municipal>        <cnl>SEA</cnl>        <proprietario>UNILIDER DISTRIBUIDORA S/A</proprietario>        <bairro>CASTELANDIA</bairro>        <cep>29172630</cep>        <cidade>SERRA</cidade>        <complemento>          </complemento>        <logradouro>TALMA RODRIGUES RIBEIRO</logradouro>        <numero>147       </numero>        <tipo-logradouro>AVENIDA</tipo-logradouro>        <uf>ES</uf>        <centro-cliente>SEA0001</centro-cliente>        <compartilhaRota>N</compartilhaRota>        <compartilhaDistribuicao>N</compartilhaDistribuicao>      </endereco-instalacao>      <numero-sev>1402924</numero-sev>      <codDescargaSAP>411098</codDescargaSAP>      <estCliente>SEA UJN</estCliente>    </order-entry>  </servico>  <rollback>N</rollback></requisicao-cla>
