<requisicao-cla>  <processo>DES</processo>  <acao>DES</acao>  <id-logico></id-logico>  <id-tarefa-apg>32875</id-tarefa-apg>  <servico>    <order-entry>      <ano>2011</ano>      <numero>2977</numero>      <item>2</item>      <data-prevista></data-prevista>      <contato-tecnico/>      <servico-temporario>        <data-inicio></data-inicio>        <data-fim></data-fim>      </servico-temporario>      <cadastrador>        <telefone></telefone>        <username></username>      </cadastrador>    </order-entry>  </servico>  <desativacao>    <data>16/12/2011</data>    <reaproveitar>N</reaproveitar>  </desativacao></requisicao-cla>
